{
    "name": "module1",
    "scale": {
        "x": 0.699999988079071,
        "y": 0.699999988079071
    },
    "height": 1.0,
    "width": 3.0,
    "elements": [
        {
            "name": "square",
            "position": {
                "x": 0.0,
                "y": 0.0
            },
            "rotation": {
                "x": 0.0,
                "y": 0.0,
                "z": 0.0,
                "w": 1.0
            },
            "scale": {
                "x": 0.6000000238418579,
                "y": 0.6000000238418579
            }
        },
        {
            "name": "square",
            "position": {
                "x": -1.0,
                "y": 0.0
            },
            "rotation": {
                "x": 0.0,
                "y": 0.0,
                "z": 0.0,
                "w": 1.0
            },
            "scale": {
                "x": 0.6000000238418579,
                "y": 0.6000000238418579
            }
        },
        {
            "name": "square",
            "position": {
                "x": -2.0,
                "y": 0.0
            },
            "rotation": {
                "x": 0.0,
                "y": 0.0,
                "z": 0.0,
                "w": 1.0
            },
            "scale": {
                "x": 0.6000000238418579,
                "y": 0.6000000238418579
            }
        }
    ]
}